st,year,on_site_air,on_site_water,on_site_land,on_site_disp_or_other_rel,off_site_disp_or_other_rel,on_off_site_disp_or_other_rel,data_set,data_source,chem_name,tri_naics_code,naics_description,number_of_chemicals,facility_count,total_on_site_release,total_off_site_release,total_releases
IN,2005,220818523.16498393,82663189.26568201,101473980.12401332,404955692.5546792,400834876.2374577,805790568.7921369,INFO,onsite_offsite_disposal,,,,,,,,
IN,2006,219933714.80203873,90165455.16350307,101363918.6394504,411463088.60499215,389203143.2456752,800666231.8506674,INFO,onsite_offsite_disposal,,,,,,,,
IN,2007,192786682.9049631,81851994.89395739,104954844.86317076,379593522.66209126,412594915.9148108,792188438.576902,INFO,onsite_offsite_disposal,,,,,,,,
IN,2008,165675265.6102686,61878247.92647442,109384038.1128321,336937551.6495751,354978194.0311717,691915745.6807469,INFO,onsite_offsite_disposal,,,,,,,,
IN,2009,136758347.34574252,44971146.82792508,93709436.13474163,275438930.3084092,142254111.51811647,417693041.8265257,INFO,onsite_offsite_disposal,,,,,,,,
IN,2010,142314755.26338804,103503120.11680505,100258604.96354955,346076480.34374267,145718685.46879372,491795165.8125364,INFO,onsite_offsite_disposal,,,,,,,,
IN,2011,132444333.44447295,85073000.90354833,93866703.31682906,311384037.6648504,157209016.84583065,468593054.510681,INFO,onsite_offsite_disposal,,,,,,,,
IN,2012,116395995.88062496,75581094.0291,94061211.08468296,286038300.9944079,159327921.7545239,445366222.7489318,INFO,onsite_offsite_disposal,,,,,,,,
IN,2013,133968948.77050532,65741402.64396,110418126.28489885,310128477.6993641,155452012.67095113,465580490.37031525,INFO,onsite_offsite_disposal,,,,,,,,
IN,2014,132429578.57575528,67360674.30936,117898371.70867302,317688624.5937883,163098279.46826732,480786904.0620556,INFO,onsite_offsite_disposal,,,,,,,,
IN,2015,106282642.50539961,52154915.5095,105423602.34471872,263861160.35961837,155853540.42731372,419714700.78693205,INFO,onsite_offsite_disposal,,,,,,,,
IN,2016,81322383.92010972,55658243.99991,116403515.56703009,253384143.4870498,146864366.63181087,400248510.1188607,INFO,onsite_offsite_disposal,,,,,,,,
IN,2017,77124280.15658666,42392577.40989,118176848.51283865,237693706.07931527,152415673.98522252,390109380.06453776,INFO,onsite_offsite_disposal,,,,,,,,
IN,2018,83284649.4888578,45728256.198888,135953126.99736735,264966032.6851132,128079938.81855452,393045971.50366765,INFO,onsite_offsite_disposal,,,,,,,,
IN,2019,78342911.44318563,59375360.1924,112562462.29099964,250280733.9265853,123767392.57381478,374048126.50040007,INFO,onsite_offsite_disposal,,,,,,,,
IN,2020,67558091.14470977,42247717.947936304,85885619.80407795,195691428.896724,124096758.32186712,319788187.21859115,INFO,onsite_offsite_disposal,,,,,,,,
IN,2021,73767232.21889696,45396688.23309283,74137404.53605635,193301324.9880461,108055158.31472868,301356483.3027748,INFO,onsite_offsite_disposal,,,,,,,,
IN,2022,71827040.86214462,50734380.53674352,86924656.46204242,209486077.86093053,154104603.20744127,363590681.06837183,INFO,onsite_offsite_disposal,,,,,10068.0,209486391.4760214,154105492.0783743,363591883.5543957
IN,2022,306.0,0.0,0.0,306.0,0.0,306.0,INFO,top_five_chemicals,"1,1,1-Trichloroethane",,,,10068.0,209486391.4760214,154105492.0783743,363591883.5543957
IN,2022,1978539.17409,39.0,0.1715625,1978578.3456525,729418.8,2707997.1456525,INFO,top_five_chemicals,"1,2,4-Trimethylbenzene",,,,10068.0,209486391.4760214,154105492.0783743,363591883.5543957
IN,2022,0.0,0.0,0.0,0.0,0.0,0.0,INFO,top_five_chemicals,"1,2-Butylene oxide",,,,10068.0,209486391.4760214,154105492.0783743,363591883.5543957
IN,2022,55800.0,0.0,0.0,55800.0,0.0,55800.0,INFO,top_five_chemicals,"1,2-Dichlorobenzene",,,,10068.0,209486391.4760214,154105492.0783743,363591883.5543957
IN,2022,1746.0,0.0,0.0,1746.0,0.0,1746.0,INFO,top_five_chemicals,"1,3-Butadiene",,,,10068.0,209486391.4760214,154105492.0783743,363591883.5543957
IN,2022,3309.0,0.0,0.0,3309.0,0.0,3309.0,INFO,top_five_chemicals,"1,3-Phenylenediamine",,,,10068.0,209486391.4760214,154105492.0783743,363591883.5543957
IN,2022,939.0,0.0,0.0,939.0,0.0,939.0,INFO,top_five_chemicals,"1,4-Dioxane",,,,10068.0,209486391.4760214,154105492.0783743,363591883.5543957
IN,2022,154194.0,0.0,0.0,154194.0,119598.0,273792.0,INFO,top_five_chemicals,1-Bromopropane,,,,10068.0,209486391.4760214,154105492.0783743,363591883.5543957
IN,2022,0.0,0.0,0.0,0.0,0.0,0.0,INFO,top_five_chemicals,"2,4-D",,,,10068.0,209486391.4760214,154105492.0783743,363591883.5543957
IN,2022,0.0,0.0,0.0,0.0,0.0,0.0,INFO,top_five_chemicals,"2,4-D 2-ethylhexyl ester",,,,10068.0,209486391.4760214,154105492.0783743,363591883.5543957
IN,2022,0.0,0.0,0.0,0.0,0.0,0.0,INFO,top_five_chemicals,"2,4-D butyl ester",,,,10068.0,209486391.4760214,154105492.0783743,363591883.5543957
IN,2022,5652.0,3.0,13266.0,18921.0,0.0,18921.0,INFO,top_five_chemicals,"2,4-Dimethylphenol",,,,10068.0,209486391.4760214,154105492.0783743,363591883.5543957
IN,2022,0.75,0.0,0.0,0.75,0.0,0.75,INFO,top_five_chemicals,"2,4-Dinitrotoluene",,,,10068.0,209486391.4760214,154105492.0783743,363591883.5543957
IN,2022,6.0,0.0,0.0,6.0,0.0,6.0,INFO,top_five_chemicals,"2,6-Dinitrotoluene",,,,10068.0,209486391.4760214,154105492.0783743,363591883.5543957
IN,2022,51.0,0.0,0.0,51.0,0.0,51.0,INFO,top_five_chemicals,"2,6-Xylidine",,,,10068.0,209486391.4760214,154105492.0783743,363591883.5543957
IN,2022,0.0,0.0,0.0,0.0,47223.0,47223.0,INFO,top_five_chemicals,2-Ethoxyethanol,,,,10068.0,209486391.4760214,154105492.0783743,363591883.5543957
IN,2022,0.0,0.0,0.0,0.0,510.9,510.9,INFO,top_five_chemicals,2-Mercaptobenzothiazole,,,,10068.0,209486391.4760214,154105492.0783743,363591883.5543957
IN,2022,0.0,0.0,0.0,0.0,0.0,0.0,INFO,top_five_chemicals,2-Methoxyethanol,,,,10068.0,209486391.4760214,154105492.0783743,363591883.5543957
IN,2022,20577.0,0.0,0.0,20577.0,5212.44,25789.44,INFO,top_five_chemicals,2-Methylpyridine,,,,10068.0,209486391.4760214,154105492.0783743,363591883.5543957
IN,2022,0.0,0.0,0.0,0.0,46710.0,46710.0,INFO,top_five_chemicals,2-Phenylphenol,,,,10068.0,209486391.4760214,154105492.0783743,363591883.5543957
IN,2022,0.0,0.0,0.0,0.0,0.0,0.0,INFO,top_five_chemicals,"3,3'-Dichlorobenzidine",,,,10068.0,209486391.4760214,154105492.0783743,363591883.5543957
IN,2022,0.0,0.0,0.0,0.0,0.0,0.0,INFO,top_five_chemicals,3-Iodo-2-propynyl butylcarbamate,,,,10068.0,209486391.4760214,154105492.0783743,363591883.5543957
IN,2022,0.0,0.0,0.0,0.0,0.0,0.0,INFO,top_five_chemicals,"4,4'-Diaminodiphenyl ether",,,,10068.0,209486391.4760214,154105492.0783743,363591883.5543957
IN,2022,41120.91,3000.0,0.0,44120.91,4020654.6,4064775.51,INFO,top_five_chemicals,"4,4'-Isopropylidenediphenol",,,,10068.0,209486391.4760214,154105492.0783743,363591883.5543957
IN,2022,0.0,0.0,0.0,0.0,0.0,0.0,INFO,top_five_chemicals,"4,4'-Methylenebis(2-chloroaniline)",,,,10068.0,209486391.4760214,154105492.0783743,363591883.5543957
IN,2022,0.0,0.0,0.0,0.0,0.0,0.0,INFO,top_five_chemicals,"4,6-Dinitro-o-cresol",,,,10068.0,209486391.4760214,154105492.0783743,363591883.5543957
IN,2022,451092.57,712.965,0.0,451805.535,1276.2,453081.735,INFO,top_five_chemicals,Acetaldehyde,,,,10068.0,209486391.4760214,154105492.0783743,363591883.5543957
IN,2022,48081.0,0.0,0.0,48081.0,295.92,48376.92,INFO,top_five_chemicals,Acetonitrile,,,,10068.0,209486391.4760214,154105492.0783743,363591883.5543957
IN,2022,18762.0,1200.0,0.0,19962.0,4345.2,24307.2,INFO,top_five_chemicals,Acetophenone,,,,10068.0,209486391.4760214,154105492.0783743,363591883.5543957
IN,2022,59530.11,0.0,0.0,59530.11,0.0,59530.11,INFO,top_five_chemicals,Acrolein,,,,10068.0,209486391.4760214,154105492.0783743,363591883.5543957
IN,2022,210.12,0.0,0.0,210.12,105.0,315.12,INFO,top_five_chemicals,Acrylic acid,,,,10068.0,209486391.4760214,154105492.0783743,363591883.5543957
IN,2022,1983.0,0.0,0.0,1983.0,0.0,1983.0,INFO,top_five_chemicals,Acrylonitrile,,,,10068.0,209486391.4760214,154105492.0783743,363591883.5543957
IN,2022,71140.287,0.0,489936.0,561076.287,2300057.31,2861133.597,INFO,top_five_chemicals,Aluminum (fume or dust),,,,10068.0,209486391.4760214,154105492.0783743,363591883.5543957
IN,2022,38.31,3.36,0.0,41.67,0.0,41.67,INFO,top_five_chemicals,Aluminum oxide (fibrous forms),,,,10068.0,209486391.4760214,154105492.0783743,363591883.5543957
IN,2022,4717445.85,131226.102,944109.0,5792780.952,102732.48,5895513.432,INFO,top_five_chemicals,Ammonia,,,,10068.0,209486391.4760214,154105492.0783743,363591883.5543957
IN,2022,15.0,0.0,0.0,15.0,180.0,195.0,INFO,top_five_chemicals,Aniline,,,,10068.0,209486391.4760214,154105492.0783743,363591883.5543957
IN,2022,1003.29,0.0,0.0,1003.29,1609.41,2612.7,INFO,top_five_chemicals,Anthracene,,,,10068.0,209486391.4760214,154105492.0783743,363591883.5543957
IN,2022,57.96,19.32,0.0,77.28,0.0,77.28,INFO,top_five_chemicals,Antimony,,,,10068.0,209486391.4760214,154105492.0783743,363591883.5543957
IN,2022,18739.62,2455.482,19800.0,40995.102,2253047.892,2294042.994,INFO,top_five_chemicals,Antimony compounds,,,,10068.0,209486391.4760214,154105492.0783743,363591883.5543957
IN,2022,0.0,0.0,0.0,0.0,750.0,750.0,INFO,top_five_chemicals,Arsenic,,,,10068.0,209486391.4760214,154105492.0783743,363591883.5543957
IN,2022,3207.75,7690.152,872225.22,883123.122,385559.61,1268682.732,INFO,top_five_chemicals,Arsenic compounds,,,,10068.0,209486391.4760214,154105492.0783743,363591883.5543957
IN,2022,0.0,0.0,0.0,0.0,122127.0,122127.0,INFO,top_five_chemicals,Atrazine,,,,10068.0,209486391.4760214,154105492.0783743,363591883.5543957
IN,2022,23.73,0.0,0.0,23.73,94053.9,94077.63,INFO,top_five_chemicals,Barium,,,,10068.0,209486391.4760214,154105492.0783743,363591883.5543957
IN,2022,13618.3209,28141.95,7180284.66,7222044.9309,2498632.854,9720677.7849,INFO,top_five_chemicals,Barium compounds (except for barium sulfate (CAS No. 7727-43-7)),,,,10068.0,209486391.4760214,154105492.0783743,363591883.5543957
IN,2022,278623.2,21.0,50589.1681314,329233.3681314,3506.46,332739.8281314,INFO,top_five_chemicals,Benzene,,,,10068.0,209486391.4760214,154105492.0783743,363591883.5543957
IN,2022,137.9553,13.416,0.0,151.3713,4749.252,4900.6233,INFO,top_five_chemicals,"Benzo[g,h,i]perylene",,,,10068.0,209486391.4760214,154105492.0783743,363591883.5543957
IN,2022,0.0,0.0,0.0,0.0,0.0,0.0,INFO,top_five_chemicals,Benzoyl chloride,,,,10068.0,209486391.4760214,154105492.0783743,363591883.5543957
IN,2022,0.0,0.0,0.0,0.0,0.0,0.0,INFO,top_five_chemicals,Benzyl chloride,,,,10068.0,209486391.4760214,154105492.0783743,363591883.5543957
IN,2022,30.0,0.0,0.0,30.0,183.0,213.0,INFO,top_five_chemicals,Beryllium,,,,10068.0,209486391.4760214,154105492.0783743,363591883.5543957
IN,2022,93.0,198.39,119778.0,120069.39,453.0,120522.39,INFO,top_five_chemicals,Beryllium compounds,,,,10068.0,209486391.4760214,154105492.0783743,363591883.5543957
IN,2022,0.0,0.0,0.0,0.0,0.0,0.0,INFO,top_five_chemicals,Bifenthrin,,,,10068.0,209486391.4760214,154105492.0783743,363591883.5543957
IN,2022,11622.0,0.0,0.0,11622.0,0.0,11622.0,INFO,top_five_chemicals,Biphenyl,,,,10068.0,209486391.4760214,154105492.0783743,363591883.5543957
IN,2022,171.0,0.0,0.0,171.0,0.0,171.0,INFO,top_five_chemicals,Bromine,,,,10068.0,209486391.4760214,154105492.0783743,363591883.5543957
IN,2022,1299.0,0.0,0.0,1299.0,0.0,1299.0,INFO,top_five_chemicals,Butyl acrylate,,,,10068.0,209486391.4760214,154105492.0783743,363591883.5543957
IN,2022,210.0,0.0,0.0,210.0,0.0,210.0,INFO,top_five_chemicals,Butyraldehyde,,,,10068.0,209486391.4760214,154105492.0783743,363591883.5543957
IN,2022,0.0,0.0,0.0,0.0,117.0,117.0,INFO,top_five_chemicals,Cadmium,,,,10068.0,209486391.4760214,154105492.0783743,363591883.5543957
IN,2022,744.0,12.0,25800.0,26556.0,85944.39,112500.39,INFO,top_five_chemicals,Cadmium compounds,,,,10068.0,209486391.4760214,154105492.0783743,363591883.5543957
IN,2022,0.0,0.0,0.0,0.0,0.0,0.0,INFO,top_five_chemicals,Carbaryl,,,,10068.0,209486391.4760214,154105492.0783743,363591883.5543957
IN,2022,7464.15,12.0,0.0,7476.15,3.0,7479.15,INFO,top_five_chemicals,Carbon disulfide,,,,10068.0,209486391.4760214,154105492.0783743,363591883.5543957
IN,2022,2003493.15,0.0,0.0,2003493.15,0.0,2003493.15,INFO,top_five_chemicals,Carbonyl sulfide,,,,10068.0,209486391.4760214,154105492.0783743,363591883.5543957
IN,2022,1881268.7052,0.0,0.0,1881268.7052,257446.116,2138714.8212,INFO,top_five_chemicals,Certain glycol ethers,,,,10068.0,209486391.4760214,154105492.0783743,363591883.5543957
IN,2022,25721.61,681.0,0.0,26402.61,0.0,26402.61,INFO,top_five_chemicals,Chlorine,,,,10068.0,209486391.4760214,154105492.0783743,363591883.5543957
IN,2022,0.0,0.0,0.0,0.0,0.0,0.0,INFO,top_five_chemicals,Chlorine dioxide,,,,10068.0,209486391.4760214,154105492.0783743,363591883.5543957
IN,2022,183.0,0.0,0.0,183.0,0.0,183.0,INFO,top_five_chemicals,Chlorobenzene,,,,10068.0,209486391.4760214,154105492.0783743,363591883.5543957
IN,2022,60.0,0.0,0.0,60.0,0.0,60.0,INFO,top_five_chemicals,Chloroform,,,,10068.0,209486391.4760214,154105492.0783743,363591883.5543957
IN,2022,0.0,0.0,0.0,0.0,53361.0,53361.0,INFO,top_five_chemicals,Chlorothalonil,,,,10068.0,209486391.4760214,154105492.0783743,363591883.5543957
IN,2022,0.0,0.0,0.0,0.0,114639.0,114639.0,INFO,top_five_chemicals,Chlorsulfuron,,,,10068.0,209486391.4760214,154105492.0783743,363591883.5543957
IN,2022,26656.0797,3509.628,0.0,30165.7077,4578726.8446578,4608892.5523578,INFO,top_five_chemicals,Chromium,,,,10068.0,209486391.4760214,154105492.0783743,363591883.5543957
IN,2022,108593.15781,4533.843,3382983.45,3496110.45081,3735294.8673,7231405.31811,INFO,top_five_chemicals,Chromium compounds (except for chromite ore mined in the Transvaal Region),,,,10068.0,209486391.4760214,154105492.0783743,363591883.5543957
IN,2022,6452.496,403.8,32646.0,39502.296,3265.84071,42768.13671,INFO,top_five_chemicals,Cobalt,,,,10068.0,209486391.4760214,154105492.0783743,363591883.5543957
IN,2022,919.9368,60.21,288051.0,289031.1468,71203.7682,360234.915,INFO,top_five_chemicals,Cobalt compounds,,,,10068.0,209486391.4760214,154105492.0783743,363591883.5543957
IN,2022,58873.1379,1144.986,135941.082,195959.2059,20517586.9462419,20713546.1521419,INFO,top_five_chemicals,Copper,,,,10068.0,209486391.4760214,154105492.0783743,363591883.5543957
IN,2022,92792.736,29060.664,1587501.0,1709354.4,1779302.4363,3488656.8363,INFO,top_five_chemicals,Copper compounds,,,,10068.0,209486391.4760214,154105492.0783743,363591883.5543957
IN,2022,16584.0,0.0,0.0,16584.0,0.0,16584.0,INFO,top_five_chemicals,Creosote,,,,10068.0,209486391.4760214,154105492.0783743,363591883.5543957
IN,2022,9267.0,0.0,312120.0,321387.0,618.645,322005.645,INFO,top_five_chemicals,Cresol (mixed isomers),,,,10068.0,209486391.4760214,154105492.0783743,363591883.5543957
IN,2022,539898.0,0.0,0.13725,539898.13725,2087.67,541985.80725,INFO,top_five_chemicals,Cumene,,,,10068.0,209486391.4760214,154105492.0783743,363591883.5543957
IN,2022,10500.0,0.0,0.0,10500.0,0.0,10500.0,INFO,top_five_chemicals,Cumene hydroperoxide,,,,10068.0,209486391.4760214,154105492.0783743,363591883.5543957
IN,2022,42.0,7971.0,166443.0,174456.0,103143.45,277599.45,INFO,top_five_chemicals,Cyanide compounds,,,,10068.0,209486391.4760214,154105492.0783743,363591883.5543957
IN,2022,362110.47,21.0,0.1029375,362131.5729375,108.0,362239.5729375,INFO,top_five_chemicals,Cyclohexane,,,,10068.0,209486391.4760214,154105492.0783743,363591883.5543957
IN,2022,51.0,0.0,0.0,51.0,0.0,51.0,INFO,top_five_chemicals,Cyclohexanol,,,,10068.0,209486391.4760214,154105492.0783743,363591883.5543957
IN,2022,0.0,0.0,0.0,0.0,0.0,0.0,INFO,top_five_chemicals,Di(2-ethylhexyl) phthalate,,,,10068.0,209486391.4760214,154105492.0783743,363591883.5543957
IN,2022,699.0,0.0,0.0,699.0,1361.25,2060.25,INFO,top_five_chemicals,Dibenzofuran,,,,10068.0,209486391.4760214,154105492.0783743,363591883.5543957
IN,2022,134169.3,0.0,0.0,134169.3,0.0,134169.3,INFO,top_five_chemicals,Dibutyl phthalate,,,,10068.0,209486391.4760214,154105492.0783743,363591883.5543957
IN,2022,3.0,0.0,0.0,3.0,148236.0,148239.0,INFO,top_five_chemicals,Dicamba,,,,10068.0,209486391.4760214,154105492.0783743,363591883.5543957
IN,2022,588935.25,12.0,0.0,588947.25,2730.0,591677.25,INFO,top_five_chemicals,Dichloromethane,,,,10068.0,209486391.4760214,154105492.0783743,363591883.5543957
IN,2022,11284.02,0.0,0.0,11284.02,18600.0,29884.02,INFO,top_five_chemicals,Dicyclopentadiene,,,,10068.0,209486391.4760214,154105492.0783743,363591883.5543957
IN,2022,36.0,72000.0,0.0,72036.0,136197.6,208233.6,INFO,top_five_chemicals,Diethanolamine,,,,10068.0,209486391.4760214,154105492.0783743,363591883.5543957
IN,2022,0.0,0.0,0.0,0.0,0.0,0.0,INFO,top_five_chemicals,Diflubenzuron,,,,10068.0,209486391.4760214,154105492.0783743,363591883.5543957
IN,2022,57518.014899,0.0,36.81,57554.824899,1389457.77,1447012.594899,INFO,top_five_chemicals,Diisocyanates,,,,10068.0,209486391.4760214,154105492.0783743,363591883.5543957
IN,2022,843.0,0.0,0.0,843.0,15.0,858.0,INFO,top_five_chemicals,Dimethylamine,,,,10068.0,209486391.4760214,154105492.0783743,363591883.5543957
IN,2022,1167.0,0.0,0.0,1167.0,0.0,1167.0,INFO,top_five_chemicals,Dimethyl phthalate,,,,10068.0,209486391.4760214,154105492.0783743,363591883.5543957
IN,2022,0.0,0.0,0.0,0.0,0.0,0.0,INFO,top_five_chemicals,Dinitrotoluene (mixed isomers),,,,10068.0,209486391.4760214,154105492.0783743,363591883.5543957
IN,2022,0.0008121513667365,1.5260805e-08,0.0007160074048575,0.0015281740330605,0.00433126313235,0.0058594371667335,INFO,top_five_chemicals,Dioxin and dioxin-like compounds,,,,10068.0,209486391.4760214,154105492.0783743,363591883.5543957
IN,2022,600.0,0.0,0.0,600.0,125385.0,125985.0,INFO,top_five_chemicals,Epichlorohydrin,,,,10068.0,209486391.4760214,154105492.0783743,363591883.5543957
IN,2022,24.0,0.0,0.0,24.0,119109.0,119133.0,INFO,top_five_chemicals,Ethyl acrylate,,,,10068.0,209486391.4760214,154105492.0783743,363591883.5543957
IN,2022,580084.16037,99.0,0.13725,580183.29762,22959.318,603142.61562,INFO,top_five_chemicals,Ethylbenzene,,,,10068.0,209486391.4760214,154105492.0783743,363591883.5543957
IN,2022,106422.0,0.0,0.0,106422.0,0.0,106422.0,INFO,top_five_chemicals,Ethylene,,,,10068.0,209486391.4760214,154105492.0783743,363591883.5543957
IN,2022,67716.8952,8190.0,0.0,75906.8952,2505834.894888,2581741.790088,INFO,top_five_chemicals,Ethylene glycol,,,,10068.0,209486391.4760214,154105492.0783743,363591883.5543957
IN,2022,21.0,0.0,0.0,21.0,0.0,21.0,INFO,top_five_chemicals,Ethylene oxide,,,,10068.0,209486391.4760214,154105492.0783743,363591883.5543957
IN,2022,0.0,0.0,0.0,0.0,231.0,231.0,INFO,top_five_chemicals,Ethylene thiourea,,,,10068.0,209486391.4760214,154105492.0783743,363591883.5543957
IN,2022,0.0,0.0,0.0,0.0,0.0,0.0,INFO,top_five_chemicals,Fluorine,,,,10068.0,209486391.4760214,154105492.0783743,363591883.5543957
IN,2022,495537.489,0.0,0.0,495537.489,6489.51,502026.999,INFO,top_five_chemicals,Formaldehyde,,,,10068.0,209486391.4760214,154105492.0783743,363591883.5543957
IN,2022,62490.0,0.0,0.0,62490.0,12.0,62502.0,INFO,top_five_chemicals,Formic acid,,,,10068.0,209486391.4760214,154105492.0783743,363591883.5543957
IN,2022,9.0,0.0,0.0,9.0,0.0,9.0,INFO,top_five_chemicals,Furan,,,,10068.0,209486391.4760214,154105492.0783743,363591883.5543957
IN,2022,0.0,0.0,0.0,0.0,0.0,0.0,INFO,top_five_chemicals,"Hexachloro-1,3-butadiene",,,,10068.0,209486391.4760214,154105492.0783743,363591883.5543957
IN,2022,0.0,0.0,0.0,0.0,0.0,0.0,INFO,top_five_chemicals,Hexachlorobenzene,,,,10068.0,209486391.4760214,154105492.0783743,363591883.5543957
IN,2022,0.0,0.0,0.0,0.0,0.0,0.0,INFO,top_five_chemicals,Hexachlorocyclopentadiene,,,,10068.0,209486391.4760214,154105492.0783743,363591883.5543957
IN,2022,0.0,0.0,0.0,0.0,0.0,0.0,INFO,top_five_chemicals,Hexachloroethane,,,,10068.0,209486391.4760214,154105492.0783743,363591883.5543957
IN,2022,4097993.685,0.0,0.0,4097993.685,0.0,4097993.685,INFO,top_five_chemicals,"Hydrochloric acid (acid aerosols including mists, vapors, gas, fog, and other airborne forms of any particle size)",,,,10068.0,209486391.4760214,154105492.0783743,363591883.5543957
IN,2022,208806.0,0.0,0.0,208806.0,0.0,208806.0,INFO,top_five_chemicals,Hydrogen cyanide,,,,10068.0,209486391.4760214,154105492.0783743,363591883.5543957
IN,2022,1132655.80293,0.0,0.0,1132655.80293,30.0,1132685.80293,INFO,top_five_chemicals,Hydrogen fluoride,,,,10068.0,209486391.4760214,154105492.0783743,363591883.5543957
IN,2022,1127682.0,420.0,0.0,1128102.0,18.9,1128120.9,INFO,top_five_chemicals,Hydrogen sulfide,,,,10068.0,209486391.4760214,154105492.0783743,363591883.5543957
IN,2022,1077.0,0.0,0.0,1077.0,0.0,1077.0,INFO,top_five_chemicals,Isoprene,,,,10068.0,209486391.4760214,154105492.0783743,363591883.5543957
IN,2022,6869.51364,184.464,127575.05337,134629.03101,2461806.731301,2596435.762311,INFO,top_five_chemicals,Lead,,,,10068.0,209486391.4760214,154105492.0783743,363591883.5543957
IN,2022,73859.13009,3263.166417,2077287.7036833,2154410.0001903,8817993.9030159,10972403.9032062,INFO,top_five_chemicals,Lead compounds,,,,10068.0,209486391.4760214,154105492.0783743,363591883.5543957
IN,2022,1467.0,0.0,0.0,1467.0,1437.0,2904.0,INFO,top_five_chemicals,Lithium carbonate,,,,10068.0,209486391.4760214,154105492.0783743,363591883.5543957
IN,2022,3394.77,0.0,0.0,3394.77,0.0,3394.77,INFO,top_five_chemicals,Maleic anhydride,,,,10068.0,209486391.4760214,154105492.0783743,363591883.5543957
IN,2022,115323.3885,10401.87,23700.0,149425.2585,724675.053,874100.3115,INFO,top_five_chemicals,Manganese,,,,10068.0,209486391.4760214,154105492.0783743,363591883.5543957
IN,2022,208503.858,282251.61,37170324.54,37661080.008,19933380.1395,57594460.1475,INFO,top_five_chemicals,Manganese compounds,,,,10068.0,209486391.4760214,154105492.0783743,363591883.5543957
IN,2022,3303.0,0.0,0.0,3303.0,2616.0,5919.0,INFO,top_five_chemicals,m-Cresol,,,,10068.0,209486391.4760214,154105492.0783743,363591883.5543957
IN,2022,268.44,56.784,261.12,586.344,66.99,653.334,INFO,top_five_chemicals,Mercury,,,,10068.0,209486391.4760214,154105492.0783743,363591883.5543957
IN,2022,11387.230623,25.8536736,6001.44,17414.5242966,1417.771101,18832.2953976,INFO,top_five_chemicals,Mercury compounds,,,,10068.0,209486391.4760214,154105492.0783743,363591883.5543957
IN,2022,1496007.2235,18465.0,0.0,1514472.2235,49653.81,1564126.0335,INFO,top_five_chemicals,Methanol,,,,10068.0,209486391.4760214,154105492.0783743,363591883.5543957
IN,2022,108.0,0.0,0.0,108.0,0.0,108.0,INFO,top_five_chemicals,Methyl acrylate,,,,10068.0,209486391.4760214,154105492.0783743,363591883.5543957
IN,2022,512593.14,66.0,0.0,512659.14,15749.13,528408.27,INFO,top_five_chemicals,Methyl isobutyl ketone,,,,10068.0,209486391.4760214,154105492.0783743,363591883.5543957
IN,2022,315889.53,0.0,0.0,315889.53,1794.0,317683.53,INFO,top_five_chemicals,Methyl methacrylate,,,,10068.0,209486391.4760214,154105492.0783743,363591883.5543957
IN,2022,11899.29,0.0,0.0,11899.29,780.0,12679.29,INFO,top_five_chemicals,Methyl tert-butyl ether,,,,10068.0,209486391.4760214,154105492.0783743,363591883.5543957
IN,2022,564.0,33000.0,81000.0,114564.0,80148.0,194712.0,INFO,top_five_chemicals,Molybdenum trioxide,,,,10068.0,209486391.4760214,154105492.0783743,363591883.5543957
IN,2022,0.0,0.0,0.0,0.0,0.0,0.0,INFO,top_five_chemicals,Myclobutanil,,,,10068.0,209486391.4760214,154105492.0783743,363591883.5543957
IN,2022,89862.15,25.974,74061.0651939,163949.1891939,23501.7,187450.8891939,INFO,top_five_chemicals,Naphthalene,,,,10068.0,209486391.4760214,154105492.0783743,363591883.5543957
IN,2022,2610665.68563,8427.0,0.0,2619092.68563,246281.1,2865373.78563,INFO,top_five_chemicals,n-Butyl alcohol,,,,10068.0,209486391.4760214,154105492.0783743,363591883.5543957
IN,2022,10245753.24,3219.45,0.2745,10248972.9645,24600.78,10273573.7445,INFO,top_five_chemicals,n-Hexane,,,,10068.0,209486391.4760214,154105492.0783743,363591883.5543957
IN,2022,31491.8196,1896.498,1604.4,34992.7176,5189251.0254,5224243.743,INFO,top_five_chemicals,Nickel,,,,10068.0,209486391.4760214,154105492.0783743,363591883.5543957
IN,2022,81970.14,9322.941,1844134.5,1935427.581,1180217.59452,3115645.17552,INFO,top_five_chemicals,Nickel compounds,,,,10068.0,209486391.4760214,154105492.0783743,363591883.5543957
IN,2022,23091.123,46163467.5,16368.0,46202926.623,8499366.508929,54702293.131929,INFO,top_five_chemicals,Nitrate compounds (water dissociable; reportable only when in aqueous solution),,,,10068.0,209486391.4760214,154105492.0783743,363591883.5543957
IN,2022,414166.149,64.95,0.0,414231.099,15530.4,429761.499,INFO,top_five_chemicals,Nitric acid,,,,10068.0,209486391.4760214,154105492.0783743,363591883.5543957
IN,2022,0.0,0.0,0.0,0.0,0.0,0.0,INFO,top_five_chemicals,Nitrobenzene,,,,10068.0,209486391.4760214,154105492.0783743,363591883.5543957
IN,2022,0.0,0.0,0.0,0.0,0.0,0.0,INFO,top_five_chemicals,Nitroglycerin,,,,10068.0,209486391.4760214,154105492.0783743,363591883.5543957
IN,2022,0.0,0.0,0.0,0.0,0.0,0.0,INFO,top_five_chemicals,Nitromethane,,,,10068.0,209486391.4760214,154105492.0783743,363591883.5543957
IN,2022,169327.68,39.0,0.0,169366.68,183658.2,353024.88,INFO,top_five_chemicals,N-Methyl-2-pyrrolidone,,,,10068.0,209486391.4760214,154105492.0783743,363591883.5543957
IN,2022,5372.4,0.0,0.0,5372.4,2545.92,7918.32,INFO,top_five_chemicals,"N,N-Dimethylaniline",,,,10068.0,209486391.4760214,154105492.0783743,363591883.5543957
IN,2022,3873.0,0.0,0.0,3873.0,1569.0,5442.0,INFO,top_five_chemicals,"N,N-Dimethylformamide",,,,10068.0,209486391.4760214,154105492.0783743,363591883.5543957
IN,2022,3.0,0.0,0.0,3.0,0.0,3.0,INFO,top_five_chemicals,N-Nitrosodi-n-propylamine,,,,10068.0,209486391.4760214,154105492.0783743,363591883.5543957
IN,2022,0.0,0.0,0.0,0.0,0.0,0.0,INFO,top_five_chemicals,N-Nitrosodiphenylamine,,,,10068.0,209486391.4760214,154105492.0783743,363591883.5543957
IN,2022,17.0847,0.0,0.0,17.0847,77967.0,77984.0847,INFO,top_five_chemicals,Nonylphenol,,,,10068.0,209486391.4760214,154105492.0783743,363591883.5543957
IN,2022,2225.64,75000.0,0.0,77225.64,52642.3482,129867.9882,INFO,top_five_chemicals,Nonylphenol Ethoxylates,,,,10068.0,209486391.4760214,154105492.0783743,363591883.5543957
IN,2022,1620.0,0.0,0.0,1620.0,909.0,2529.0,INFO,top_five_chemicals,o-Cresol,,,,10068.0,209486391.4760214,154105492.0783743,363591883.5543957
IN,2022,0.0,0.0,0.0,0.0,0.0,0.0,INFO,top_five_chemicals,Oxadiazon,,,,10068.0,209486391.4760214,154105492.0783743,363591883.5543957
IN,2022,422557.2,0.0,0.0,422557.2,0.0,422557.2,INFO,top_five_chemicals,Ozone,,,,10068.0,209486391.4760214,154105492.0783743,363591883.5543957
IN,2022,2235.0,0.0,0.0,2235.0,2007.0,4242.0,INFO,top_five_chemicals,p-Cresol,,,,10068.0,209486391.4760214,154105492.0783743,363591883.5543957
IN,2022,0.0,0.0,0.0,0.0,164322.0,164322.0,INFO,top_five_chemicals,Pendimethalin,,,,10068.0,209486391.4760214,154105492.0783743,363591883.5543957
IN,2022,0.0,0.0,0.0,0.0,0.0,0.0,INFO,top_five_chemicals,Pentachlorophenol,,,,10068.0,209486391.4760214,154105492.0783743,363591883.5543957
IN,2022,28113.0,0.0,0.0,28113.0,8829.67464,36942.67464,INFO,top_five_chemicals,Peracetic acid,,,,10068.0,209486391.4760214,154105492.0783743,363591883.5543957
IN,2022,8815.29,0.0,150.0,8965.29,5394.57,14359.86,INFO,top_five_chemicals,Phenanthrene,,,,10068.0,209486391.4760214,154105492.0783743,363591883.5543957
IN,2022,400342.5234,9718.95,1536777.06,1946838.5334,263537.9364,2210376.4698,INFO,top_five_chemicals,Phenol,,,,10068.0,209486391.4760214,154105492.0783743,363591883.5543957
IN,2022,0.0,0.0,0.0,0.0,0.0,0.0,INFO,top_five_chemicals,Phosgene,,,,10068.0,209486391.4760214,154105492.0783743,363591883.5543957
IN,2022,30.0,0.0,0.0,30.0,0.0,30.0,INFO,top_five_chemicals,Phosphorus (yellow or white),,,,10068.0,209486391.4760214,154105492.0783743,363591883.5543957
IN,2022,23794.0548,0.0,0.0,23794.0548,2484.0,26278.0548,INFO,top_five_chemicals,Phthalic anhydride,,,,10068.0,209486391.4760214,154105492.0783743,363591883.5543957
IN,2022,3.0,0.0,0.0,3.0,0.0,3.0,INFO,top_five_chemicals,p-Nitroaniline,,,,10068.0,209486391.4760214,154105492.0783743,363591883.5543957
IN,2022,0.0,0.0,0.0,0.0,0.0,0.0,INFO,top_five_chemicals,Polychlorinated biphenyls,,,,10068.0,209486391.4760214,154105492.0783743,363591883.5543957
IN,2022,13955.2122,192.45966,1422.0651939,15569.7370539,41382.705,56952.4420539,INFO,top_five_chemicals,Polycyclic aromatic compounds,,,,10068.0,209486391.4760214,154105492.0783743,363591883.5543957
IN,2022,22800.0,249.0,0.0,23049.0,0.0,23049.0,INFO,top_five_chemicals,p-Phenylenediamine,,,,10068.0,209486391.4760214,154105492.0783743,363591883.5543957
IN,2022,654.0,0.0,0.0,654.0,0.0,654.0,INFO,top_five_chemicals,Propionaldehyde,,,,10068.0,209486391.4760214,154105492.0783743,363591883.5543957
IN,2022,116578.74,0.0,0.0,116578.74,0.0,116578.74,INFO,top_five_chemicals,Propylene,,,,10068.0,209486391.4760214,154105492.0783743,363591883.5543957
IN,2022,912.0,0.0,0.0,912.0,0.0,912.0,INFO,top_five_chemicals,Propyleneimine,,,,10068.0,209486391.4760214,154105492.0783743,363591883.5543957
IN,2022,139860.99,0.0,0.0,139860.99,363.0,140223.99,INFO,top_five_chemicals,Propylene oxide,,,,10068.0,209486391.4760214,154105492.0783743,363591883.5543957
IN,2022,45126.0,0.0,32295.0,77421.0,14811.6,92232.6,INFO,top_five_chemicals,Pyridine,,,,10068.0,209486391.4760214,154105492.0783743,363591883.5543957
IN,2022,7035.0,0.0,0.0,7035.0,16797.0,23832.0,INFO,top_five_chemicals,sec-Butyl alcohol,,,,10068.0,209486391.4760214,154105492.0783743,363591883.5543957
IN,2022,13179.0,1805.55,27753.0,42737.55,7209.24,49946.79,INFO,top_five_chemicals,Selenium compounds,,,,10068.0,209486391.4760214,154105492.0783743,363591883.5543957
IN,2022,0.0,0.0,0.0,0.0,0.0,0.0,INFO,top_five_chemicals,Silver,,,,10068.0,209486391.4760214,154105492.0783743,363591883.5543957
IN,2022,27.78,57.0,12600.0,12684.78,292.56,12977.34,INFO,top_five_chemicals,Silver compounds,,,,10068.0,209486391.4760214,154105492.0783743,363591883.5543957
IN,2022,0.0,0.0,0.0,0.0,145976.88,145976.88,INFO,top_five_chemicals,Sodium dimethyldithiocarbamate,,,,10068.0,209486391.4760214,154105492.0783743,363591883.5543957
IN,2022,0.0,3748419.0,0.0,3748419.0,4269123.0,8017542.0,INFO,top_five_chemicals,Sodium nitrite,,,,10068.0,209486391.4760214,154105492.0783743,363591883.5543957
IN,2022,14481812.403,0.0,0.0,14481812.403,351465.6,14833278.003,INFO,top_five_chemicals,Styrene,,,,10068.0,209486391.4760214,154105492.0783743,363591883.5543957
IN,2022,11213397.51,0.0,0.0,11213397.51,447.0,11213844.51,INFO,top_five_chemicals,"Sulfuric acid (acid aerosols including mists, vapors, gas, fog, and other airborne forms of any particle size)",,,,10068.0,209486391.4760214,154105492.0783743,363591883.5543957
IN,2022,783.21,0.0,0.0,783.21,0.0,783.21,INFO,top_five_chemicals,tert-Butyl alcohol,,,,10068.0,209486391.4760214,154105492.0783743,363591883.5543957
IN,2022,18.0,27.0,0.0,45.0,24.0,69.0,INFO,top_five_chemicals,Tetrabromobisphenol A,,,,10068.0,209486391.4760214,154105492.0783743,363591883.5543957
IN,2022,221386.59,0.0,0.0,221386.59,2613.0,223999.59,INFO,top_five_chemicals,Tetrachloroethylene,,,,10068.0,209486391.4760214,154105492.0783743,363591883.5543957
IN,2022,36.0,0.0,0.0,36.0,2229.0,2265.0,INFO,top_five_chemicals,Tetrafluoroethylene,,,,10068.0,209486391.4760214,154105492.0783743,363591883.5543957
IN,2022,3526.11,45.0,257110.29,260681.4,855.99,261537.39,INFO,top_five_chemicals,Thallium compounds,,,,10068.0,209486391.4760214,154105492.0783743,363591883.5543957
IN,2022,0.0,0.0,0.0,0.0,0.0,0.0,INFO,top_five_chemicals,Thiophanate-methyl,,,,10068.0,209486391.4760214,154105492.0783743,363591883.5543957
IN,2022,9.0,0.0,0.0,9.0,876.0,885.0,INFO,top_five_chemicals,Thiram,,,,10068.0,209486391.4760214,154105492.0783743,363591883.5543957
IN,2022,2756031.0141,57.0,8736.68625,2764824.70035,227649.9,2992474.60035,INFO,top_five_chemicals,Toluene,,,,10068.0,209486391.4760214,154105492.0783743,363591883.5543957
IN,2022,101.238,0.0,0.0,101.238,0.0,101.238,INFO,top_five_chemicals,"Toluene-2,4-diisocyanate",,,,10068.0,209486391.4760214,154105492.0783743,363591883.5543957
IN,2022,23.355,0.0,0.0,23.355,0.0,23.355,INFO,top_five_chemicals,"Toluene-2,6-diisocyanate",,,,10068.0,209486391.4760214,154105492.0783743,363591883.5543957
IN,2022,2716.8,0.0,0.0,2716.8,0.0,2716.8,INFO,top_five_chemicals,Toluene diisocyanate (mixed isomers),,,,10068.0,209486391.4760214,154105492.0783743,363591883.5543957
IN,2022,0.0,0.0,0.0,0.0,65481.0,65481.0,INFO,top_five_chemicals,Tribenuron-methyl,,,,10068.0,209486391.4760214,154105492.0783743,363591883.5543957
IN,2022,159.66,0.0,0.0,159.66,48.0,207.66,INFO,top_five_chemicals,Trichloroethylene,,,,10068.0,209486391.4760214,154105492.0783743,363591883.5543957
IN,2022,137208.0,690.0,0.0,137898.0,103806.0,241704.0,INFO,top_five_chemicals,Triethylamine,,,,10068.0,209486391.4760214,154105492.0783743,363591883.5543957
IN,2022,0.0,0.0,0.0,0.0,0.0,0.0,INFO,top_five_chemicals,Trifluralin,,,,10068.0,209486391.4760214,154105492.0783743,363591883.5543957
IN,2022,24.0,0.0,0.0,24.0,21543.0,21567.0,INFO,top_five_chemicals,Urethane,,,,10068.0,209486391.4760214,154105492.0783743,363591883.5543957
IN,2022,10281.06,4236.36,4574649.0,4589166.42,899589.8235,5488756.2435,INFO,top_five_chemicals,Vanadium compounds,,,,10068.0,209486391.4760214,154105492.0783743,363591883.5543957
IN,2022,105.3,0.0,0.0,105.3,0.0,105.3,INFO,top_five_chemicals,Vinyl acetate,,,,10068.0,209486391.4760214,154105492.0783743,363591883.5543957
IN,2022,2748926.71794,18.0,0.0,2748944.71794,552077.583,3301022.30094,INFO,top_five_chemicals,Xylene (mixed isomers),,,,10068.0,209486391.4760214,154105492.0783743,363591883.5543957
IN,2022,669012.855,56831.887986,23429334.0,24155178.742986,50800314.630345,74955493.37333101,INFO,top_five_chemicals,Zinc compounds,,,,10068.0,209486391.4760214,154105492.0783743,363591883.5543957
IN,2022,107762.1,0.0,0.0,107762.1,20982.0,128744.1,INFO,top_five_chemicals,Zinc (fume or dust),,,,10068.0,209486391.4760214,154105492.0783743,363591883.5543957
IN,2022,,,,,,114071854.99207588,INFO,top_five_rti_industries,,2211.0,NAICS 2211 - Electric Utilities (added 1998),26.0,10068.0,209486391.4760214,154105492.0783743,363591883.5543957
IN,2022,,,,,,38931856.82892,INFO,top_five_rti_industries,,311.0,NAICS 311 - Food,28.0,10068.0,209486391.4760214,154105492.0783743,363591883.5543957
IN,2022,,,,,,182331.0,INFO,top_five_rti_industries,,3121.0,NAICS 3121 - Beverages,2.0,10068.0,209486391.4760214,154105492.0783743,363591883.5543957
IN,2022,,,,,,17657205.706998,INFO,top_five_rti_industries,,321.0,NAICS 321 - Wood Products,15.0,10068.0,209486391.4760214,154105492.0783743,363591883.5543957
IN,2022,,,,,,324308.235069,INFO,top_five_rti_industries,,322.0,NAICS 322 - Paper,12.0,10068.0,209486391.4760214,154105492.0783743,363591883.5543957
IN,2022,,,,,,1426014.36,INFO,top_five_rti_industries,,323.0,NAICS 323 - Printing,11.0,10068.0,209486391.4760214,154105492.0783743,363591883.5543957
IN,2022,,,,,,17415643.854803093,INFO,top_five_rti_industries,,324.0,NAICS 324 - Petroleum,51.0,10068.0,209486391.4760214,154105492.0783743,363591883.5543957
IN,2022,,,,,,77302225.43411563,INFO,top_five_rti_industries,,325.0,NAICS 325 - Chemicals,120.0,10068.0,209486391.4760214,154105492.0783743,363591883.5543957
IN,2022,,,,,,43960630.513743,INFO,top_five_rti_industries,,326.0,NAICS 326 - Plastics and Rubber,47.0,10068.0,209486391.4760214,154105492.0783743,363591883.5543957
IN,2022,,,,,,9957029.142852206,INFO,top_five_rti_industries,,327.0,NAICS 327 - Nonmetallic Mineral Product,98.0,10068.0,209486391.4760214,154105492.0783743,363591883.5543957
IN,2022,,,,,,638628898.626574,INFO,top_five_rti_industries,,331.0,NAICS 331 - Primary Metals,82.0,10068.0,209486391.4760214,154105492.0783743,363591883.5543957
IN,2022,,,,,,16783223.1497388,INFO,top_five_rti_industries,,332.0,NAICS 332 - Fabricated Metals,42.0,10068.0,209486391.4760214,154105492.0783743,363591883.5543957
IN,2022,,,,,,1183393.1073312,INFO,top_five_rti_industries,,333.0,NAICS 333 - Machinery,20.0,10068.0,209486391.4760214,154105492.0783743,363591883.5543957
IN,2022,,,,,,161759.56806,INFO,top_five_rti_industries,,334.0,NAICS 334 - Computers/Electronics Products,6.0,10068.0,209486391.4760214,154105492.0783743,363591883.5543957
IN,2022,,,,,,598008.521565,INFO,top_five_rti_industries,,335.0,NAICS 335 - Electrical Equipment,14.0,10068.0,209486391.4760214,154105492.0783743,363591883.5543957
IN,2022,,,,,,31809814.6312971,INFO,top_five_rti_industries,,336.0,NAICS 336 - Transportation Equipment,48.0,10068.0,209486391.4760214,154105492.0783743,363591883.5543957
IN,2022,,,,,,7865451.64989,INFO,top_five_rti_industries,,337.0,NAICS 337 - Furniture,19.0,10068.0,209486391.4760214,154105492.0783743,363591883.5543957
IN,2022,,,,,,1034696.44323,INFO,top_five_rti_industries,,339.0,NAICS 339 - Miscellaneous Manufacturing,23.0,10068.0,209486391.4760214,154105492.0783743,363591883.5543957
IN,2022,,,,,,1181020.34079,INFO,top_five_rti_industries,,4246.0,NAICS 4246 - Chemical Wholesalers (added 1998),35.0,10068.0,209486391.4760214,154105492.0783743,363591883.5543957
IN,2022,,,,,,317847.4736175,INFO,top_five_rti_industries,,4247.0,NAICS 4247 - Petroleum Bulk Terminals (added 1998),16.0,10068.0,209486391.4760214,154105492.0783743,363591883.5543957
IN,2022,,,,,,67885950.177,INFO,top_five_rti_industries,,562.0,NAICS 562 - Hazardous Waste (added 1998),64.0,10068.0,209486391.4760214,154105492.0783743,363591883.5543957
IN,2022,,,,,,2092871.493,INFO,top_five_rti_industries,,999.0,NAICS 999 - Other,17.0,10068.0,209486391.4760214,154105492.0783743,363591883.5543957
IN,2023,64617310.226660125,33622204.8199683,72449353.48017862,170688868.52680704,135173293.69543245,305862162.2222395,INFO,onsite_offsite_disposal,,,,,,,,
